"","Var1","Var2","Correlation"
"1","O01","O01",1
"2","O02","O01",0.47
"3","O03","O01",0.52
"4","O04","O01",0.55
"5","O05","O01",0.53
"6","O06","O01",0.4
"7","O07","O01",0.64
"8","O08","O01",0.42
"9","O09","O01",0.52
"10","O10","O01",0.47
"11","C01","O01",0.13
"12","C02","O01",0.17
"13","C03","O01",0.13
"14","C04","O01",0.17
"15","C05","O01",0.07
"16","C06","O01",0.1
"17","C07","O01",0.05
"18","C08","O01",0.07
"19","C09","O01",0.1
"20","C10","O01",0.23
"21","E01","O01",0.02
"22","E02","O01",0.28
"23","E03","O01",-0.03
"24","E04","O01",0.09
"25","E05","O01",0.11
"26","E06","O01",0.08
"27","E07","O01",0.24
"28","E08","O01",0.16
"29","E09","O01",0.16
"30","E10","O01",0.35
"31","A01","O01",0.03
"32","A02","O01",-0.04
"33","A03","O01",-0.02
"34","A04","O01",0.07
"35","A05","O01",0.08
"36","A06","O01",0
"37","A07","O01",-0.05
"38","A08","O01",0.05
"39","A09","O01",0.03
"40","A10","O01",0.02
"41","N01","O01",0.03
"42","N02","O01",0.01
"43","N03","O01",0.08
"44","N04","O01",0.01
"45","N05","O01",0.22
"46","N06","O01",0.1
"47","N07","O01",0.08
"48","N08","O01",0
"49","N09","O01",-0.06
"50","N10","O01",0.19
"51","O01","O02",0.47
"52","O02","O02",1
"53","O03","O02",0.47
"54","O04","O02",0.6
"55","O05","O02",0.58
"56","O06","O02",0.6
"57","O07","O02",0.5
"58","O08","O02",0.43
"59","O09","O02",0.43
"60","O10","O02",0.52
"61","C01","O02",0.08
"62","C02","O02",0.05
"63","C03","O02",0.07
"64","C04","O02",0.11
"65","C05","O02",0.04
"66","C06","O02",0.03
"67","C07","O02",0.05
"68","C08","O02",0.05
"69","C09","O02",0.07
"70","C10","O02",0.23
"71","E01","O02",0.15
"72","E02","O02",0.29
"73","E03","O02",-0.02
"74","E04","O02",0.14
"75","E05","O02",0.22
"76","E06","O02",0.1
"77","E07","O02",0.32
"78","E08","O02",0.18
"79","E09","O02",0.19
"80","E10","O02",0.28
"81","A01","O02",0.01
"82","A02","O02",-0.05
"83","A03","O02",-0.03
"84","A04","O02",0.07
"85","A05","O02",0.05
"86","A06","O02",-0.01
"87","A07","O02",-0.03
"88","A08","O02",0.1
"89","A09","O02",0.06
"90","A10","O02",0
"91","N01","O02",0.03
"92","N02","O02",0.05
"93","N03","O02",0.04
"94","N04","O02",0.05
"95","N05","O02",0.14
"96","N06","O02",0.09
"97","N07","O02",0.04
"98","N08","O02",0
"99","N09","O02",-0.09
"100","N10","O02",0.13
"101","O01","O03",0.52
"102","O02","O03",0.47
"103","O03","O03",1
"104","O04","O03",0.54
"105","O05","O03",0.61
"106","O06","O03",0.42
"107","O07","O03",0.6
"108","O08","O03",0.35
"109","O09","O03",0.46
"110","O10","O03",0.54
"111","C01","O03",0.25
"112","C02","O03",0.31
"113","C03","O03",0.23
"114","C04","O03",0.26
"115","C05","O03",0.19
"116","C06","O03",0.22
"117","C07","O03",0.24
"118","C08","O03",0.24
"119","C09","O03",0.28
"120","C10","O03",0.41
"121","E01","O03",0.14
"122","E02","O03",0.42
"123","E03","O03",0.14
"124","E04","O03",0.22
"125","E05","O03",0.24
"126","E06","O03",0.14
"127","E07","O03",0.41
"128","E08","O03",0.28
"129","E09","O03",0.24
"130","E10","O03",0.44
"131","A01","O03",0.15
"132","A02","O03",0.05
"133","A03","O03",0.04
"134","A04","O03",0.25
"135","A05","O03",0.18
"136","A06","O03",0.12
"137","A07","O03",0.02
"138","A08","O03",0.19
"139","A09","O03",0.12
"140","A10","O03",0.08
"141","N01","O03",0
"142","N02","O03",0.06
"143","N03","O03",-0.01
"144","N04","O03",0.03
"145","N05","O03",0.17
"146","N06","O03",0.05
"147","N07","O03",0.13
"148","N08","O03",-0.08
"149","N09","O03",-0.1
"150","N10","O03",0.11
"151","O01","O04",0.55
"152","O02","O04",0.6
"153","O03","O04",0.54
"154","O04","O04",1
"155","O05","O04",0.58
"156","O06","O04",0.55
"157","O07","O04",0.56
"158","O08","O04",0.51
"159","O09","O04",0.53
"160","O10","O04",0.58
"161","C01","O04",0.17
"162","C02","O04",0.11
"163","C03","O04",0.19
"164","C04","O04",0.17
"165","C05","O04",0.13
"166","C06","O04",0.15
"167","C07","O04",0.14
"168","C08","O04",0.14
"169","C09","O04",0.17
"170","C10","O04",0.32
"171","E01","O04",0.13
"172","E02","O04",0.29
"173","E03","O04",0.05
"174","E04","O04",0.1
"175","E05","O04",0.18
"176","E06","O04",0.05
"177","E07","O04",0.31
"178","E08","O04",0.15
"179","E09","O04",0.14
"180","E10","O04",0.3
"181","A01","O04",0.05
"182","A02","O04",0
"183","A03","O04",-0.04
"184","A04","O04",0.18
"185","A05","O04",0.09
"186","A06","O04",0.06
"187","A07","O04",-0.06
"188","A08","O04",0.13
"189","A09","O04",0.05
"190","A10","O04",-0.01
"191","N01","O04",0.03
"192","N02","O04",0.09
"193","N03","O04",-0.01
"194","N04","O04",0.08
"195","N05","O04",0.17
"196","N06","O04",0.1
"197","N07","O04",0.07
"198","N08","O04",-0.01
"199","N09","O04",-0.13
"200","N10","O04",0.15
"201","O01","O05",0.53
"202","O02","O05",0.58
"203","O03","O05",0.61
"204","O04","O05",0.58
"205","O05","O05",1
"206","O06","O05",0.53
"207","O07","O05",0.65
"208","O08","O05",0.39
"209","O09","O05",0.46
"210","O10","O05",0.59
"211","C01","O05",0.13
"212","C02","O05",0.14
"213","C03","O05",0.12
"214","C04","O05",0.16
"215","C05","O05",0.08
"216","C06","O05",0.11
"217","C07","O05",0.13
"218","C08","O05",0.13
"219","C09","O05",0.17
"220","C10","O05",0.28
"221","E01","O05",0.14
"222","E02","O05",0.39
"223","E03","O05",0.05
"224","E04","O05",0.2
"225","E05","O05",0.26
"226","E06","O05",0.14
"227","E07","O05",0.37
"228","E08","O05",0.27
"229","E09","O05",0.25
"230","E10","O05",0.42
"231","A01","O05",0.07
"232","A02","O05",-0.01
"233","A03","O05",0.04
"234","A04","O05",0.15
"235","A05","O05",0.15
"236","A06","O05",0.04
"237","A07","O05",0
"238","A08","O05",0.16
"239","A09","O05",0.09
"240","A10","O05",0.06
"241","N01","O05",0.07
"242","N02","O05",0.08
"243","N03","O05",0.07
"244","N04","O05",0.08
"245","N05","O05",0.2
"246","N06","O05",0.11
"247","N07","O05",0.09
"248","N08","O05",0.02
"249","N09","O05",-0.02
"250","N10","O05",0.19
"251","O01","O06",0.4
"252","O02","O06",0.6
"253","O03","O06",0.42
"254","O04","O06",0.55
"255","O05","O06",0.53
"256","O06","O06",1
"257","O07","O06",0.44
"258","O08","O06",0.38
"259","O09","O06",0.42
"260","O10","O06",0.45
"261","C01","O06",0.11
"262","C02","O06",0.06
"263","C03","O06",0.09
"264","C04","O06",0.11
"265","C05","O06",0.12
"266","C06","O06",0.1
"267","C07","O06",0.11
"268","C08","O06",0.1
"269","C09","O06",0.14
"270","C10","O06",0.22
"271","E01","O06",0.19
"272","E02","O06",0.32
"273","E03","O06",0.03
"274","E04","O06",0.17
"275","E05","O06",0.24
"276","E06","O06",0.08
"277","E07","O06",0.34
"278","E08","O06",0.19
"279","E09","O06",0.2
"280","E10","O06",0.3
"281","A01","O06",0.05
"282","A02","O06",-0.02
"283","A03","O06",0.04
"284","A04","O06",0.13
"285","A05","O06",0.05
"286","A06","O06",0.04
"287","A07","O06",0
"288","A08","O06",0.17
"289","A09","O06",0.04
"290","A10","O06",0.06
"291","N01","O06",0.12
"292","N02","O06",0.17
"293","N03","O06",0.09
"294","N04","O06",0.17
"295","N05","O06",0.23
"296","N06","O06",0.17
"297","N07","O06",0.13
"298","N08","O06",0.06
"299","N09","O06",-0.01
"300","N10","O06",0.25
"301","O01","O07",0.64
"302","O02","O07",0.5
"303","O03","O07",0.6
"304","O04","O07",0.56
"305","O05","O07",0.65
"306","O06","O07",0.44
"307","O07","O07",1
"308","O08","O07",0.4
"309","O09","O07",0.49
"310","O10","O07",0.58
"311","C01","O07",0.15
"312","C02","O07",0.17
"313","C03","O07",0.14
"314","C04","O07",0.19
"315","C05","O07",0.11
"316","C06","O07",0.12
"317","C07","O07",0.1
"318","C08","O07",0.12
"319","C09","O07",0.17
"320","C10","O07",0.28
"321","E01","O07",0.08
"322","E02","O07",0.36
"323","E03","O07",0.05
"324","E04","O07",0.17
"325","E05","O07",0.19
"326","E06","O07",0.11
"327","E07","O07",0.36
"328","E08","O07",0.24
"329","E09","O07",0.22
"330","E10","O07",0.39
"331","A01","O07",0.04
"332","A02","O07",-0.01
"333","A03","O07",0.01
"334","A04","O07",0.12
"335","A05","O07",0.15
"336","A06","O07",0.04
"337","A07","O07",-0.03
"338","A08","O07",0.11
"339","A09","O07",0.08
"340","A10","O07",0.05
"341","N01","O07",0.02
"342","N02","O07",0.04
"343","N03","O07",0.05
"344","N04","O07",0.04
"345","N05","O07",0.18
"346","N06","O07",0.09
"347","N07","O07",0.09
"348","N08","O07",0
"349","N09","O07",-0.05
"350","N10","O07",0.17
"351","O01","O08",0.42
"352","O02","O08",0.43
"353","O03","O08",0.35
"354","O04","O08",0.51
"355","O05","O08",0.39
"356","O06","O08",0.38
"357","O07","O08",0.4
"358","O08","O08",1
"359","O09","O08",0.58
"360","O10","O08",0.46
"361","C01","O08",0.11
"362","C02","O08",0.07
"363","C03","O08",0.1
"364","C04","O08",0.08
"365","C05","O08",0.06
"366","C06","O08",0.05
"367","C07","O08",0.03
"368","C08","O08",0.03
"369","C09","O08",0.09
"370","C10","O08",0.16
"371","E01","O08",0.04
"372","E02","O08",0.2
"373","E03","O08",-0.05
"374","E04","O08",0.02
"375","E05","O08",0.1
"376","E06","O08",0
"377","E07","O08",0.19
"378","E08","O08",0.02
"379","E09","O08",0.07
"380","E10","O08",0.16
"381","A01","O08",0
"382","A02","O08",-0.08
"383","A03","O08",-0.09
"384","A04","O08",0.03
"385","A05","O08",-0.03
"386","A06","O08",-0.02
"387","A07","O08",-0.1
"388","A08","O08",0.03
"389","A09","O08",-0.02
"390","A10","O08",-0.02
"391","N01","O08",0.05
"392","N02","O08",0.07
"393","N03","O08",0.06
"394","N04","O08",0.07
"395","N05","O08",0.15
"396","N06","O08",0.1
"397","N07","O08",0.02
"398","N08","O08",0.04
"399","N09","O08",-0.07
"400","N10","O08",0.13
"401","O01","O09",0.52
"402","O02","O09",0.43
"403","O03","O09",0.46
"404","O04","O09",0.53
"405","O05","O09",0.46
"406","O06","O09",0.42
"407","O07","O09",0.49
"408","O08","O09",0.58
"409","O09","O09",1
"410","O10","O09",0.45
"411","C01","O09",0.15
"412","C02","O09",0.15
"413","C03","O09",0.13
"414","C04","O09",0.14
"415","C05","O09",0.08
"416","C06","O09",0.09
"417","C07","O09",0.05
"418","C08","O09",0.06
"419","C09","O09",0.09
"420","C10","O09",0.19
"421","E01","O09",0.01
"422","E02","O09",0.24
"423","E03","O09",-0.08
"424","E04","O09",0.05
"425","E05","O09",0.08
"426","E06","O09",0
"427","E07","O09",0.19
"428","E08","O09",0.1
"429","E09","O09",0.13
"430","E10","O09",0.25
"431","A01","O09",0.02
"432","A02","O09",-0.08
"433","A03","O09",-0.04
"434","A04","O09",0.06
"435","A05","O09",0.02
"436","A06","O09",-0.03
"437","A07","O09",-0.05
"438","A08","O09",0.02
"439","A09","O09",0.01
"440","A10","O09",0.05
"441","N01","O09",0.1
"442","N02","O09",0.09
"443","N03","O09",0.1
"444","N04","O09",0.08
"445","N05","O09",0.24
"446","N06","O09",0.13
"447","N07","O09",0.12
"448","N08","O09",0.09
"449","N09","O09",-0.02
"450","N10","O09",0.23
"451","O01","O10",0.47
"452","O02","O10",0.52
"453","O03","O10",0.54
"454","O04","O10",0.58
"455","O05","O10",0.59
"456","O06","O10",0.45
"457","O07","O10",0.58
"458","O08","O10",0.46
"459","O09","O10",0.45
"460","O10","O10",1
"461","C01","O10",0.21
"462","C02","O10",0.12
"463","C03","O10",0.21
"464","C04","O10",0.18
"465","C05","O10",0.16
"466","C06","O10",0.18
"467","C07","O10",0.18
"468","C08","O10",0.18
"469","C09","O10",0.24
"470","C10","O10",0.29
"471","E01","O10",0.1
"472","E02","O10",0.27
"473","E03","O10",0.08
"474","E04","O10",0.1
"475","E05","O10",0.16
"476","E06","O10",0.03
"477","E07","O10",0.27
"478","E08","O10",0.13
"479","E09","O10",0.13
"480","E10","O10",0.31
"481","A01","O10",0.04
"482","A02","O10",0.02
"483","A03","O10",-0.02
"484","A04","O10",0.16
"485","A05","O10",0.11
"486","A06","O10",0.07
"487","A07","O10",-0.05
"488","A08","O10",0.14
"489","A09","O10",0.04
"490","A10","O10",0.02
"491","N01","O10",0.04
"492","N02","O10",0.1
"493","N03","O10",0.01
"494","N04","O10",0.07
"495","N05","O10",0.15
"496","N06","O10",0.09
"497","N07","O10",0.09
"498","N08","O10",0
"499","N09","O10",-0.09
"500","N10","O10",0.13
"501","O01","C01",0.13
"502","O02","C01",0.08
"503","O03","C01",0.25
"504","O04","C01",0.17
"505","O05","C01",0.13
"506","O06","C01",0.11
"507","O07","C01",0.15
"508","O08","C01",0.11
"509","O09","C01",0.15
"510","O10","C01",0.21
"511","C01","C01",1
"512","C02","C01",0.53
"513","C03","C01",0.62
"514","C04","C01",0.34
"515","C05","C01",0.38
"516","C06","C01",0.57
"517","C07","C01",0.45
"518","C08","C01",0.47
"519","C09","C01",0.51
"520","C10","C01",0.47
"521","E01","C01",-0.02
"522","E02","C01",0.05
"523","E03","C01",0.09
"524","E04","C01",-0.07
"525","E05","C01",-0.04
"526","E06","C01",-0.12
"527","E07","C01",0.05
"528","E08","C01",0.01
"529","E09","C01",-0.06
"530","E10","C01",0.15
"531","A01","C01",0.1
"532","A02","C01",0.11
"533","A03","C01",0.03
"534","A04","C01",0.29
"535","A05","C01",0.11
"536","A06","C01",0.15
"537","A07","C01",-0.03
"538","A08","C01",0.16
"539","A09","C01",-0.03
"540","A10","C01",0.06
"541","N01","C01",0.06
"542","N02","C01",0.16
"543","N03","C01",-0.03
"544","N04","C01",0.06
"545","N05","C01",0.15
"546","N06","C01",0.05
"547","N07","C01",0.19
"548","N08","C01",-0.01
"549","N09","C01",-0.13
"550","N10","C01",0.11
"551","O01","C02",0.17
"552","O02","C02",0.05
"553","O03","C02",0.31
"554","O04","C02",0.11
"555","O05","C02",0.14
"556","O06","C02",0.06
"557","O07","C02",0.17
"558","O08","C02",0.07
"559","O09","C02",0.15
"560","O10","C02",0.12
"561","C01","C02",0.53
"562","C02","C02",1
"563","C03","C02",0.44
"564","C04","C02",0.35
"565","C05","C02",0.27
"566","C06","C02",0.41
"567","C07","C02",0.35
"568","C08","C02",0.38
"569","C09","C02",0.37
"570","C10","C02",0.42
"571","E01","C02",-0.02
"572","E02","C02",0.12
"573","E03","C02",0.06
"574","E04","C02",0.02
"575","E05","C02",-0.02
"576","E06","C02",0
"577","E07","C02",0.06
"578","E08","C02",0.08
"579","E09","C02",0.01
"580","E10","C02",0.19
"581","A01","C02",0.08
"582","A02","C02",0
"583","A03","C02",0.03
"584","A04","C02",0.19
"585","A05","C02",0.07
"586","A06","C02",0.04
"587","A07","C02",-0.03
"588","A08","C02",0.07
"589","A09","C02",-0.02
"590","A10","C02",0.02
"591","N01","C02",0.03
"592","N02","C02",0.08
"593","N03","C02",0.04
"594","N04","C02",0.03
"595","N05","C02",0.15
"596","N06","C02",0.06
"597","N07","C02",0.16
"598","N08","C02",-0.03
"599","N09","C02",-0.06
"600","N10","C02",0.1
"601","O01","C03",0.13
"602","O02","C03",0.07
"603","O03","C03",0.23
"604","O04","C03",0.19
"605","O05","C03",0.12
"606","O06","C03",0.09
"607","O07","C03",0.14
"608","O08","C03",0.1
"609","O09","C03",0.13
"610","O10","C03",0.21
"611","C01","C03",0.62
"612","C02","C03",0.44
"613","C03","C03",1
"614","C04","C03",0.35
"615","C05","C03",0.33
"616","C06","C03",0.48
"617","C07","C03",0.39
"618","C08","C03",0.39
"619","C09","C03",0.42
"620","C10","C03",0.44
"621","E01","C03",-0.04
"622","E02","C03",-0.01
"623","E03","C03",0.08
"624","E04","C03",-0.14
"625","E05","C03",-0.09
"626","E06","C03",-0.18
"627","E07","C03",0
"628","E08","C03",-0.06
"629","E09","C03",-0.13
"630","E10","C03",0.1
"631","A01","C03",0.06
"632","A02","C03",0.09
"633","A03","C03",-0.1
"634","A04","C03",0.25
"635","A05","C03",0.09
"636","A06","C03",0.13
"637","A07","C03",-0.1
"638","A08","C03",0.12
"639","A09","C03",-0.06
"640","A10","C03",-0.02
"641","N01","C03",0.06
"642","N02","C03",0.12
"643","N03","C03",-0.08
"644","N04","C03",0.04
"645","N05","C03",0.11
"646","N06","C03",0.03
"647","N07","C03",0.12
"648","N08","C03",-0.01
"649","N09","C03",-0.21
"650","N10","C03",0.08
"651","O01","C04",0.17
"652","O02","C04",0.11
"653","O03","C04",0.26
"654","O04","C04",0.17
"655","O05","C04",0.16
"656","O06","C04",0.11
"657","O07","C04",0.19
"658","O08","C04",0.08
"659","O09","C04",0.14
"660","O10","C04",0.18
"661","C01","C04",0.34
"662","C02","C04",0.35
"663","C03","C04",0.35
"664","C04","C04",1
"665","C05","C04",0.19
"666","C06","C04",0.29
"667","C07","C04",0.32
"668","C08","C04",0.35
"669","C09","C04",0.27
"670","C10","C04",0.53
"671","E01","C04",-0.02
"672","E02","C04",0.07
"673","E03","C04",0.07
"674","E04","C04",0
"675","E05","C04",0
"676","E06","C04",-0.03
"677","E07","C04",0.06
"678","E08","C04",0.05
"679","E09","C04",-0.01
"680","E10","C04",0.16
"681","A01","C04",0.13
"682","A02","C04",0.08
"683","A03","C04",0.01
"684","A04","C04",0.22
"685","A05","C04",0.16
"686","A06","C04",0.1
"687","A07","C04",0.04
"688","A08","C04",0.15
"689","A09","C04",0.09
"690","A10","C04",0.07
"691","N01","C04",-0.02
"692","N02","C04",0
"693","N03","C04",-0.05
"694","N04","C04",-0.06
"695","N05","C04",0.11
"696","N06","C04",-0.03
"697","N07","C04",0.1
"698","N08","C04",-0.08
"699","N09","C04",-0.1
"700","N10","C04",0.05
"701","O01","C05",0.07
"702","O02","C05",0.04
"703","O03","C05",0.19
"704","O04","C05",0.13
"705","O05","C05",0.08
"706","O06","C05",0.12
"707","O07","C05",0.11
"708","O08","C05",0.06
"709","O09","C05",0.08
"710","O10","C05",0.16
"711","C01","C05",0.38
"712","C02","C05",0.27
"713","C03","C05",0.33
"714","C04","C05",0.19
"715","C05","C05",1
"716","C06","C05",0.47
"717","C07","C05",0.38
"718","C08","C05",0.39
"719","C09","C05",0.43
"720","C10","C05",0.31
"721","E01","C05",0.07
"722","E02","C05",0.07
"723","E03","C05",0.13
"724","E04","C05",0
"725","E05","C05",0.03
"726","E06","C05",-0.08
"727","E07","C05",0.1
"728","E08","C05",0.07
"729","E09","C05",-0.02
"730","E10","C05",0.13
"731","A01","C05",0.14
"732","A02","C05",0.11
"733","A03","C05",0.1
"734","A04","C05",0.28
"735","A05","C05",0.12
"736","A06","C05",0.17
"737","A07","C05",0.01
"738","A08","C05",0.19
"739","A09","C05",0.05
"740","A10","C05",0.08
"741","N01","C05",0.11
"742","N02","C05",0.2
"743","N03","C05",-0.01
"744","N04","C05",0.12
"745","N05","C05",0.09
"746","N06","C05",0.08
"747","N07","C05",0.17
"748","N08","C05",0.03
"749","N09","C05",-0.05
"750","N10","C05",0.08
"751","O01","C06",0.1
"752","O02","C06",0.03
"753","O03","C06",0.22
"754","O04","C06",0.15
"755","O05","C06",0.11
"756","O06","C06",0.1
"757","O07","C06",0.12
"758","O08","C06",0.05
"759","O09","C06",0.09
"760","O10","C06",0.18
"761","C01","C06",0.57
"762","C02","C06",0.41
"763","C03","C06",0.48
"764","C04","C06",0.29
"765","C05","C06",0.47
"766","C06","C06",1
"767","C07","C06",0.53
"768","C08","C06",0.57
"769","C09","C06",0.61
"770","C10","C06",0.48
"771","E01","C06",0.01
"772","E02","C06",0.04
"773","E03","C06",0.13
"774","E04","C06",-0.08
"775","E05","C06",-0.04
"776","E06","C06",-0.18
"777","E07","C06",0.05
"778","E08","C06",0.01
"779","E09","C06",-0.1
"780","E10","C06",0.15
"781","A01","C06",0.16
"782","A02","C06",0.14
"783","A03","C06",0.07
"784","A04","C06",0.35
"785","A05","C06",0.12
"786","A06","C06",0.2
"787","A07","C06",0.02
"788","A08","C06",0.21
"789","A09","C06",0.01
"790","A10","C06",0.08
"791","N01","C06",0.07
"792","N02","C06",0.18
"793","N03","C06",-0.03
"794","N04","C06",0.1
"795","N05","C06",0.14
"796","N06","C06",0.05
"797","N07","C06",0.17
"798","N08","C06",0.01
"799","N09","C06",-0.12
"800","N10","C06",0.08
"801","O01","C07",0.05
"802","O02","C07",0.05
"803","O03","C07",0.24
"804","O04","C07",0.14
"805","O05","C07",0.13
"806","O06","C07",0.11
"807","O07","C07",0.1
"808","O08","C07",0.03
"809","O09","C07",0.05
"810","O10","C07",0.18
"811","C01","C07",0.45
"812","C02","C07",0.35
"813","C03","C07",0.39
"814","C04","C07",0.32
"815","C05","C07",0.38
"816","C06","C07",0.53
"817","C07","C07",1
"818","C08","C07",0.78
"819","C09","C07",0.54
"820","C10","C07",0.52
"821","E01","C07",0.1
"822","E02","C07",0.09
"823","E03","C07",0.24
"824","E04","C07",0.04
"825","E05","C07",0.06
"826","E06","C07",-0.02
"827","E07","C07",0.14
"828","E08","C07",0.09
"829","E09","C07",0
"830","E10","C07",0.18
"831","A01","C07",0.17
"832","A02","C07",0.17
"833","A03","C07",0.09
"834","A04","C07",0.38
"835","A05","C07",0.19
"836","A06","C07",0.22
"837","A07","C07",0.07
"838","A08","C07",0.27
"839","A09","C07",0.12
"840","A10","C07",0.11
"841","N01","C07",0.06
"842","N02","C07",0.14
"843","N03","C07",-0.07
"844","N04","C07",0.07
"845","N05","C07",0.1
"846","N06","C07",0.01
"847","N07","C07",0.11
"848","N08","C07",-0.06
"849","N09","C07",-0.09
"850","N10","C07",0.03
"851","O01","C08",0.07
"852","O02","C08",0.05
"853","O03","C08",0.24
"854","O04","C08",0.14
"855","O05","C08",0.13
"856","O06","C08",0.1
"857","O07","C08",0.12
"858","O08","C08",0.03
"859","O09","C08",0.06
"860","O10","C08",0.18
"861","C01","C08",0.47
"862","C02","C08",0.38
"863","C03","C08",0.39
"864","C04","C08",0.35
"865","C05","C08",0.39
"866","C06","C08",0.57
"867","C07","C08",0.78
"868","C08","C08",1
"869","C09","C08",0.56
"870","C10","C08",0.59
"871","E01","C08",0.09
"872","E02","C08",0.1
"873","E03","C08",0.22
"874","E04","C08",0.03
"875","E05","C08",0.05
"876","E06","C08",-0.04
"877","E07","C08",0.13
"878","E08","C08",0.09
"879","E09","C08",-0.02
"880","E10","C08",0.18
"881","A01","C08",0.18
"882","A02","C08",0.17
"883","A03","C08",0.09
"884","A04","C08",0.4
"885","A05","C08",0.18
"886","A06","C08",0.22
"887","A07","C08",0.09
"888","A08","C08",0.29
"889","A09","C08",0.13
"890","A10","C08",0.11
"891","N01","C08",0.06
"892","N02","C08",0.13
"893","N03","C08",-0.07
"894","N04","C08",0.07
"895","N05","C08",0.1
"896","N06","C08",0.01
"897","N07","C08",0.13
"898","N08","C08",-0.07
"899","N09","C08",-0.09
"900","N10","C08",0.04
"901","O01","C09",0.1
"902","O02","C09",0.07
"903","O03","C09",0.28
"904","O04","C09",0.17
"905","O05","C09",0.17
"906","O06","C09",0.14
"907","O07","C09",0.17
"908","O08","C09",0.09
"909","O09","C09",0.09
"910","O10","C09",0.24
"911","C01","C09",0.51
"912","C02","C09",0.37
"913","C03","C09",0.42
"914","C04","C09",0.27
"915","C05","C09",0.43
"916","C06","C09",0.61
"917","C07","C09",0.54
"918","C08","C09",0.56
"919","C09","C09",1
"920","C10","C09",0.45
"921","E01","C09",0.16
"922","E02","C09",0.18
"923","E03","C09",0.32
"924","E04","C09",0.13
"925","E05","C09",0.13
"926","E06","C09",0.05
"927","E07","C09",0.22
"928","E08","C09",0.17
"929","E09","C09",0.06
"930","E10","C09",0.24
"931","A01","C09",0.13
"932","A02","C09",0.12
"933","A03","C09",0.03
"934","A04","C09",0.32
"935","A05","C09",0.16
"936","A06","C09",0.17
"937","A07","C09",-0.03
"938","A08","C09",0.22
"939","A09","C09",0
"940","A10","C09",0.03
"941","N01","C09",0.06
"942","N02","C09",0.19
"943","N03","C09",-0.01
"944","N04","C09",0.13
"945","N05","C09",0.09
"946","N06","C09",0.07
"947","N07","C09",0.12
"948","N08","C09",-0.04
"949","N09","C09",-0.08
"950","N10","C09",0.08
"951","O01","C10",0.23
"952","O02","C10",0.23
"953","O03","C10",0.41
"954","O04","C10",0.32
"955","O05","C10",0.28
"956","O06","C10",0.22
"957","O07","C10",0.28
"958","O08","C10",0.16
"959","O09","C10",0.19
"960","O10","C10",0.29
"961","C01","C10",0.47
"962","C02","C10",0.42
"963","C03","C10",0.44
"964","C04","C10",0.53
"965","C05","C10",0.31
"966","C06","C10",0.48
"967","C07","C10",0.52
"968","C08","C10",0.59
"969","C09","C10",0.45
"970","C10","C10",1
"971","E01","C10",0.05
"972","E02","C10",0.16
"973","E03","C10",0.18
"974","E04","C10",0.03
"975","E05","C10",0.06
"976","E06","C10",-0.01
"977","E07","C10",0.19
"978","E08","C10",0.11
"979","E09","C10",0.02
"980","E10","C10",0.26
"981","A01","C10",0.2
"982","A02","C10",0.15
"983","A03","C10",0.05
"984","A04","C10",0.39
"985","A05","C10",0.21
"986","A06","C10",0.18
"987","A07","C10",0.05
"988","A08","C10",0.25
"989","A09","C10",0.13
"990","A10","C10",0.1
"991","N01","C10",-0.03
"992","N02","C10",0.06
"993","N03","C10",-0.08
"994","N04","C10",0.01
"995","N05","C10",0.16
"996","N06","C10",0.04
"997","N07","C10",0.11
"998","N08","C10",-0.13
"999","N09","C10",-0.19
"1000","N10","C10",0.05
"1001","O01","E01",0.02
"1002","O02","E01",0.15
"1003","O03","E01",0.14
"1004","O04","E01",0.13
"1005","O05","E01",0.14
"1006","O06","E01",0.19
"1007","O07","E01",0.08
"1008","O08","E01",0.04
"1009","O09","E01",0.01
"1010","O10","E01",0.1
"1011","C01","E01",-0.02
"1012","C02","E01",-0.02
"1013","C03","E01",-0.04
"1014","C04","E01",-0.02
"1015","C05","E01",0.07
"1016","C06","E01",0.01
"1017","C07","E01",0.1
"1018","C08","E01",0.09
"1019","C09","E01",0.16
"1020","C10","E01",0.05
"1021","E01","E01",1
"1022","E02","E01",0.29
"1023","E03","E01",0.27
"1024","E04","E01",0.45
"1025","E05","E01",0.43
"1026","E06","E01",0.35
"1027","E07","E01",0.39
"1028","E08","E01",0.34
"1029","E09","E01",0.37
"1030","E10","E01",0.2
"1031","A01","E01",0.02
"1032","A02","E01",-0.01
"1033","A03","E01",0.03
"1034","A04","E01",0.08
"1035","A05","E01",0.03
"1036","A06","E01",0.03
"1037","A07","E01",0.03
"1038","A08","E01",0.17
"1039","A09","E01",0.06
"1040","A10","E01",0.04
"1041","N01","E01",0.07
"1042","N02","E01",0.09
"1043","N03","E01",0.03
"1044","N04","E01",0.12
"1045","N05","E01",-0.01
"1046","N06","E01",0.06
"1047","N07","E01",0
"1048","N08","E01",0.01
"1049","N09","E01",0.1
"1050","N10","E01",0.03
"1051","O01","E02",0.28
"1052","O02","E02",0.29
"1053","O03","E02",0.42
"1054","O04","E02",0.29
"1055","O05","E02",0.39
"1056","O06","E02",0.32
"1057","O07","E02",0.36
"1058","O08","E02",0.2
"1059","O09","E02",0.24
"1060","O10","E02",0.27
"1061","C01","E02",0.05
"1062","C02","E02",0.12
"1063","C03","E02",-0.01
"1064","C04","E02",0.07
"1065","C05","E02",0.07
"1066","C06","E02",0.04
"1067","C07","E02",0.09
"1068","C08","E02",0.1
"1069","C09","E02",0.18
"1070","C10","E02",0.16
"1071","E01","E02",0.29
"1072","E02","E02",1
"1073","E03","E02",0.19
"1074","E04","E02",0.44
"1075","E05","E02",0.45
"1076","E06","E02",0.31
"1077","E07","E02",0.59
"1078","E08","E02",0.4
"1079","E09","E02",0.41
"1080","E10","E02",0.35
"1081","A01","E02",0.05
"1082","A02","E02",-0.07
"1083","A03","E02",0.08
"1084","A04","E02",0.07
"1085","A05","E02",0.05
"1086","A06","E02",0
"1087","A07","E02",0
"1088","A08","E02",0.11
"1089","A09","E02",0.06
"1090","A10","E02",0.04
"1091","N01","E02",0.04
"1092","N02","E02",0.06
"1093","N03","E02",0.08
"1094","N04","E02",0.14
"1095","N05","E02",0.09
"1096","N06","E02",0.09
"1097","N07","E02",0.04
"1098","N08","E02",-0.01
"1099","N09","E02",0.1
"1100","N10","E02",0.11
"1101","O01","E03",-0.03
"1102","O02","E03",-0.02
"1103","O03","E03",0.14
"1104","O04","E03",0.05
"1105","O05","E03",0.05
"1106","O06","E03",0.03
"1107","O07","E03",0.05
"1108","O08","E03",-0.05
"1109","O09","E03",-0.08
"1110","O10","E03",0.08
"1111","C01","E03",0.09
"1112","C02","E03",0.06
"1113","C03","E03",0.08
"1114","C04","E03",0.07
"1115","C05","E03",0.13
"1116","C06","E03",0.13
"1117","C07","E03",0.24
"1118","C08","E03",0.22
"1119","C09","E03",0.32
"1120","C10","E03",0.18
"1121","E01","E03",0.27
"1122","E02","E03",0.19
"1123","E03","E03",1
"1124","E04","E03",0.33
"1125","E05","E03",0.27
"1126","E06","E03",0.31
"1127","E07","E03",0.28
"1128","E08","E03",0.24
"1129","E09","E03",0.25
"1130","E10","E03",0.25
"1131","A01","E03",0.14
"1132","A02","E03",0.18
"1133","A03","E03",0.08
"1134","A04","E03",0.29
"1135","A05","E03",0.21
"1136","A06","E03",0.18
"1137","A07","E03",0.1
"1138","A08","E03",0.25
"1139","A09","E03",0.1
"1140","A10","E03",0.12
"1141","N01","E03",-0.03
"1142","N02","E03",0.05
"1143","N03","E03",-0.07
"1144","N04","E03",0.06
"1145","N05","E03",-0.04
"1146","N06","E03",0.03
"1147","N07","E03",0.02
"1148","N08","E03",-0.14
"1149","N09","E03",0.04
"1150","N10","E03",-0.06
"1151","O01","E04",0.09
"1152","O02","E04",0.14
"1153","O03","E04",0.22
"1154","O04","E04",0.1
"1155","O05","E04",0.2
"1156","O06","E04",0.17
"1157","O07","E04",0.17
"1158","O08","E04",0.02
"1159","O09","E04",0.05
"1160","O10","E04",0.1
"1161","C01","E04",-0.07
"1162","C02","E04",0.02
"1163","C03","E04",-0.14
"1164","C04","E04",0
"1165","C05","E04",0
"1166","C06","E04",-0.08
"1167","C07","E04",0.04
"1168","C08","E04",0.03
"1169","C09","E04",0.13
"1170","C10","E04",0.03
"1171","E01","E04",0.45
"1172","E02","E04",0.44
"1173","E03","E04",0.33
"1174","E04","E04",1
"1175","E05","E04",0.57
"1176","E06","E04",0.56
"1177","E07","E04",0.51
"1178","E08","E04",0.52
"1179","E09","E04",0.69
"1180","E10","E04",0.36
"1181","A01","E04",0.02
"1182","A02","E04",-0.03
"1183","A03","E04",0.08
"1184","A04","E04",0.03
"1185","A05","E04",0.09
"1186","A06","E04",0.01
"1187","A07","E04",0.05
"1188","A08","E04",0.12
"1189","A09","E04",0.09
"1190","A10","E04",0.06
"1191","N01","E04",-0.01
"1192","N02","E04",0.02
"1193","N03","E04",0.06
"1194","N04","E04",0.08
"1195","N05","E04",-0.01
"1196","N06","E04",0.06
"1197","N07","E04",-0.01
"1198","N08","E04",-0.06
"1199","N09","E04",0.18
"1200","N10","E04",0.02
"1201","O01","E05",0.11
"1202","O02","E05",0.22
"1203","O03","E05",0.24
"1204","O04","E05",0.18
"1205","O05","E05",0.26
"1206","O06","E05",0.24
"1207","O07","E05",0.19
"1208","O08","E05",0.1
"1209","O09","E05",0.08
"1210","O10","E05",0.16
"1211","C01","E05",-0.04
"1212","C02","E05",-0.02
"1213","C03","E05",-0.09
"1214","C04","E05",0
"1215","C05","E05",0.03
"1216","C06","E05",-0.04
"1217","C07","E05",0.06
"1218","C08","E05",0.05
"1219","C09","E05",0.13
"1220","C10","E05",0.06
"1221","E01","E05",0.43
"1222","E02","E05",0.45
"1223","E03","E05",0.27
"1224","E04","E05",0.57
"1225","E05","E05",1
"1226","E06","E05",0.4
"1227","E07","E05",0.61
"1228","E08","E05",0.45
"1229","E09","E05",0.5
"1230","E10","E05",0.28
"1231","A01","E05",0.01
"1232","A02","E05",-0.03
"1233","A03","E05",0.03
"1234","A04","E05",0.04
"1235","A05","E05",0.07
"1236","A06","E05",0.02
"1237","A07","E05",-0.01
"1238","A08","E05",0.15
"1239","A09","E05",0.07
"1240","A10","E05",0.02
"1241","N01","E05",-0.03
"1242","N02","E05",0.06
"1243","N03","E05",0.02
"1244","N04","E05",0.12
"1245","N05","E05",-0.02
"1246","N06","E05",0.08
"1247","N07","E05",-0.02
"1248","N08","E05",-0.06
"1249","N09","E05",0.08
"1250","N10","E05",0.02
"1251","O01","E06",0.08
"1252","O02","E06",0.1
"1253","O03","E06",0.14
"1254","O04","E06",0.05
"1255","O05","E06",0.14
"1256","O06","E06",0.08
"1257","O07","E06",0.11
"1258","O08","E06",0
"1259","O09","E06",0
"1260","O10","E06",0.03
"1261","C01","E06",-0.12
"1262","C02","E06",0
"1263","C03","E06",-0.18
"1264","C04","E06",-0.03
"1265","C05","E06",-0.08
"1266","C06","E06",-0.18
"1267","C07","E06",-0.02
"1268","C08","E06",-0.04
"1269","C09","E06",0.05
"1270","C10","E06",-0.01
"1271","E01","E06",0.35
"1272","E02","E06",0.31
"1273","E03","E06",0.31
"1274","E04","E06",0.56
"1275","E05","E06",0.4
"1276","E06","E06",1
"1277","E07","E06",0.37
"1278","E08","E06",0.43
"1279","E09","E06",0.52
"1280","E10","E06",0.31
"1281","A01","E06",-0.01
"1282","A02","E06",-0.03
"1283","A03","E06",0.04
"1284","A04","E06",-0.01
"1285","A05","E06",0.09
"1286","A06","E06",-0.01
"1287","A07","E06",0.04
"1288","A08","E06",0.05
"1289","A09","E06",0.07
"1290","A10","E06",0.05
"1291","N01","E06",-0.08
"1292","N02","E06",-0.06
"1293","N03","E06",0.05
"1294","N04","E06",0.01
"1295","N05","E06",-0.03
"1296","N06","E06",0.01
"1297","N07","E06",-0.07
"1298","N08","E06",-0.12
"1299","N09","E06",0.13
"1300","N10","E06",-0.01
"1301","O01","E07",0.24
"1302","O02","E07",0.32
"1303","O03","E07",0.41
"1304","O04","E07",0.31
"1305","O05","E07",0.37
"1306","O06","E07",0.34
"1307","O07","E07",0.36
"1308","O08","E07",0.19
"1309","O09","E07",0.19
"1310","O10","E07",0.27
"1311","C01","E07",0.05
"1312","C02","E07",0.06
"1313","C03","E07",0
"1314","C04","E07",0.06
"1315","C05","E07",0.1
"1316","C06","E07",0.05
"1317","C07","E07",0.14
"1318","C08","E07",0.13
"1319","C09","E07",0.22
"1320","C10","E07",0.19
"1321","E01","E07",0.39
"1322","E02","E07",0.59
"1323","E03","E07",0.28
"1324","E04","E07",0.51
"1325","E05","E07",0.61
"1326","E06","E07",0.37
"1327","E07","E07",1
"1328","E08","E07",0.44
"1329","E09","E07",0.46
"1330","E10","E07",0.35
"1331","A01","E07",0.02
"1332","A02","E07",-0.03
"1333","A03","E07",0.05
"1334","A04","E07",0.11
"1335","A05","E07",0.08
"1336","A06","E07",0.04
"1337","A07","E07",-0.02
"1338","A08","E07",0.16
"1339","A09","E07",0.07
"1340","A10","E07",0.03
"1341","N01","E07",-0.01
"1342","N02","E07",0.06
"1343","N03","E07",0.03
"1344","N04","E07",0.15
"1345","N05","E07",0.05
"1346","N06","E07",0.13
"1347","N07","E07",0.01
"1348","N08","E07",-0.06
"1349","N09","E07",0.05
"1350","N10","E07",0.07
"1351","O01","E08",0.16
"1352","O02","E08",0.18
"1353","O03","E08",0.28
"1354","O04","E08",0.15
"1355","O05","E08",0.27
"1356","O06","E08",0.19
"1357","O07","E08",0.24
"1358","O08","E08",0.02
"1359","O09","E08",0.1
"1360","O10","E08",0.13
"1361","C01","E08",0.01
"1362","C02","E08",0.08
"1363","C03","E08",-0.06
"1364","C04","E08",0.05
"1365","C05","E08",0.07
"1366","C06","E08",0.01
"1367","C07","E08",0.09
"1368","C08","E08",0.09
"1369","C09","E08",0.17
"1370","C10","E08",0.11
"1371","E01","E08",0.34
"1372","E02","E08",0.4
"1373","E03","E08",0.24
"1374","E04","E08",0.52
"1375","E05","E08",0.45
"1376","E06","E08",0.43
"1377","E07","E08",0.44
"1378","E08","E08",1
"1379","E09","E08",0.5
"1380","E10","E08",0.4
"1381","A01","E08",0.06
"1382","A02","E08",-0.01
"1383","A03","E08",0.1
"1384","A04","E08",0.08
"1385","A05","E08",0.16
"1386","A06","E08",0.04
"1387","A07","E08",0.06
"1388","A08","E08",0.15
"1389","A09","E08",0.12
"1390","A10","E08",0.09
"1391","N01","E08",0.01
"1392","N02","E08",0.02
"1393","N03","E08",0.04
"1394","N04","E08",0.06
"1395","N05","E08",0.06
"1396","N06","E08",0.06
"1397","N07","E08",0.05
"1398","N08","E08",-0.04
"1399","N09","E08",0.11
"1400","N10","E08",0.05
"1401","O01","E09",0.16
"1402","O02","E09",0.19
"1403","O03","E09",0.24
"1404","O04","E09",0.14
"1405","O05","E09",0.25
"1406","O06","E09",0.2
"1407","O07","E09",0.22
"1408","O08","E09",0.07
"1409","O09","E09",0.13
"1410","O10","E09",0.13
"1411","C01","E09",-0.06
"1412","C02","E09",0.01
"1413","C03","E09",-0.13
"1414","C04","E09",-0.01
"1415","C05","E09",-0.02
"1416","C06","E09",-0.1
"1417","C07","E09",0
"1418","C08","E09",-0.02
"1419","C09","E09",0.06
"1420","C10","E09",0.02
"1421","E01","E09",0.37
"1422","E02","E09",0.41
"1423","E03","E09",0.25
"1424","E04","E09",0.69
"1425","E05","E09",0.5
"1426","E06","E09",0.52
"1427","E07","E09",0.46
"1428","E08","E09",0.5
"1429","E09","E09",1
"1430","E10","E09",0.38
"1431","A01","E09",0.04
"1432","A02","E09",-0.02
"1433","A03","E09",0.1
"1434","A04","E09",0.04
"1435","A05","E09",0.12
"1436","A06","E09",0
"1437","A07","E09",0.03
"1438","A08","E09",0.11
"1439","A09","E09",0.12
"1440","A10","E09",0.09
"1441","N01","E09",0
"1442","N02","E09",0.04
"1443","N03","E09",0.11
"1444","N04","E09",0.09
"1445","N05","E09",0.06
"1446","N06","E09",0.1
"1447","N07","E09",0.02
"1448","N08","E09",-0.02
"1449","N09","E09",0.17
"1450","N10","E09",0.09
"1451","O01","E10",0.35
"1452","O02","E10",0.28
"1453","O03","E10",0.44
"1454","O04","E10",0.3
"1455","O05","E10",0.42
"1456","O06","E10",0.3
"1457","O07","E10",0.39
"1458","O08","E10",0.16
"1459","O09","E10",0.25
"1460","O10","E10",0.31
"1461","C01","E10",0.15
"1462","C02","E10",0.19
"1463","C03","E10",0.1
"1464","C04","E10",0.16
"1465","C05","E10",0.13
"1466","C06","E10",0.15
"1467","C07","E10",0.18
"1468","C08","E10",0.18
"1469","C09","E10",0.24
"1470","C10","E10",0.26
"1471","E01","E10",0.2
"1472","E02","E10",0.35
"1473","E03","E10",0.25
"1474","E04","E10",0.36
"1475","E05","E10",0.28
"1476","E06","E10",0.31
"1477","E07","E10",0.35
"1478","E08","E10",0.4
"1479","E09","E10",0.38
"1480","E10","E10",1
"1481","A01","E10",0.1
"1482","A02","E10",0.03
"1483","A03","E10",0.09
"1484","A04","E10",0.2
"1485","A05","E10",0.17
"1486","A06","E10",0.08
"1487","A07","E10",0.06
"1488","A08","E10",0.19
"1489","A09","E10",0.09
"1490","A10","E10",0.16
"1491","N01","E10",0.03
"1492","N02","E10",0.06
"1493","N03","E10",0.07
"1494","N04","E10",0.04
"1495","N05","E10",0.21
"1496","N06","E10",0.11
"1497","N07","E10",0.12
"1498","N08","E10",-0.03
"1499","N09","E10",0.06
"1500","N10","E10",0.16
"1501","O01","A01",0.03
"1502","O02","A01",0.01
"1503","O03","A01",0.15
"1504","O04","A01",0.05
"1505","O05","A01",0.07
"1506","O06","A01",0.05
"1507","O07","A01",0.04
"1508","O08","A01",0
"1509","O09","A01",0.02
"1510","O10","A01",0.04
"1511","C01","A01",0.1
"1512","C02","A01",0.08
"1513","C03","A01",0.06
"1514","C04","A01",0.13
"1515","C05","A01",0.14
"1516","C06","A01",0.16
"1517","C07","A01",0.17
"1518","C08","A01",0.18
"1519","C09","A01",0.13
"1520","C10","A01",0.2
"1521","E01","A01",0.02
"1522","E02","A01",0.05
"1523","E03","A01",0.14
"1524","E04","A01",0.02
"1525","E05","A01",0.01
"1526","E06","A01",-0.01
"1527","E07","A01",0.02
"1528","E08","A01",0.06
"1529","E09","A01",0.04
"1530","E10","A01",0.1
"1531","A01","A01",1
"1532","A02","A01",0.3
"1533","A03","A01",0.3
"1534","A04","A01",0.37
"1535","A05","A01",0.44
"1536","A06","A01",0.34
"1537","A07","A01",0.36
"1538","A08","A01",0.35
"1539","A09","A01",0.43
"1540","A10","A01",0.35
"1541","N01","A01",0.13
"1542","N02","A01",0.07
"1543","N03","A01",-0.04
"1544","N04","A01",-0.01
"1545","N05","A01",0.2
"1546","N06","A01",0
"1547","N07","A01",0.21
"1548","N08","A01",0.06
"1549","N09","A01",0.01
"1550","N10","A01",0.08
"1551","O01","A02",-0.04
"1552","O02","A02",-0.05
"1553","O03","A02",0.05
"1554","O04","A02",0
"1555","O05","A02",-0.01
"1556","O06","A02",-0.02
"1557","O07","A02",-0.01
"1558","O08","A02",-0.08
"1559","O09","A02",-0.08
"1560","O10","A02",0.02
"1561","C01","A02",0.11
"1562","C02","A02",0
"1563","C03","A02",0.09
"1564","C04","A02",0.08
"1565","C05","A02",0.11
"1566","C06","A02",0.14
"1567","C07","A02",0.17
"1568","C08","A02",0.17
"1569","C09","A02",0.12
"1570","C10","A02",0.15
"1571","E01","A02",-0.01
"1572","E02","A02",-0.07
"1573","E03","A02",0.18
"1574","E04","A02",-0.03
"1575","E05","A02",-0.03
"1576","E06","A02",-0.03
"1577","E07","A02",-0.03
"1578","E08","A02",-0.01
"1579","E09","A02",-0.02
"1580","E10","A02",0.03
"1581","A01","A02",0.3
"1582","A02","A02",1
"1583","A03","A02",0.19
"1584","A04","A02",0.44
"1585","A05","A02",0.43
"1586","A06","A02",0.55
"1587","A07","A02",0.34
"1588","A08","A02",0.26
"1589","A09","A02",0.27
"1590","A10","A02",0.16
"1591","N01","A02",-0.08
"1592","N02","A02",-0.02
"1593","N03","A02",-0.1
"1594","N04","A02",-0.06
"1595","N05","A02",-0.01
"1596","N06","A02",-0.04
"1597","N07","A02",0
"1598","N08","A02",-0.12
"1599","N09","A02",-0.06
"1600","N10","A02",-0.08
"1601","O01","A03",-0.02
"1602","O02","A03",-0.03
"1603","O03","A03",0.04
"1604","O04","A03",-0.04
"1605","O05","A03",0.04
"1606","O06","A03",0.04
"1607","O07","A03",0.01
"1608","O08","A03",-0.09
"1609","O09","A03",-0.04
"1610","O10","A03",-0.02
"1611","C01","A03",0.03
"1612","C02","A03",0.03
"1613","C03","A03",-0.1
"1614","C04","A03",0.01
"1615","C05","A03",0.1
"1616","C06","A03",0.07
"1617","C07","A03",0.09
"1618","C08","A03",0.09
"1619","C09","A03",0.03
"1620","C10","A03",0.05
"1621","E01","A03",0.03
"1622","E02","A03",0.08
"1623","E03","A03",0.08
"1624","E04","A03",0.08
"1625","E05","A03",0.03
"1626","E06","A03",0.04
"1627","E07","A03",0.05
"1628","E08","A03",0.1
"1629","E09","A03",0.1
"1630","E10","A03",0.09
"1631","A01","A03",0.3
"1632","A02","A03",0.19
"1633","A03","A03",1
"1634","A04","A03",0.2
"1635","A05","A03",0.22
"1636","A06","A03",0.21
"1637","A07","A03",0.26
"1638","A08","A03",0.2
"1639","A09","A03",0.23
"1640","A10","A03",0.38
"1641","N01","A03",0.14
"1642","N02","A03",0.12
"1643","N03","A03",0.11
"1644","N04","A03",0.09
"1645","N05","A03",0.19
"1646","N06","A03",0.1
"1647","N07","A03",0.23
"1648","N08","A03",0.11
"1649","N09","A03",0.14
"1650","N10","A03",0.15
"1651","O01","A04",0.07
"1652","O02","A04",0.07
"1653","O03","A04",0.25
"1654","O04","A04",0.18
"1655","O05","A04",0.15
"1656","O06","A04",0.13
"1657","O07","A04",0.12
"1658","O08","A04",0.03
"1659","O09","A04",0.06
"1660","O10","A04",0.16
"1661","C01","A04",0.29
"1662","C02","A04",0.19
"1663","C03","A04",0.25
"1664","C04","A04",0.22
"1665","C05","A04",0.28
"1666","C06","A04",0.35
"1667","C07","A04",0.38
"1668","C08","A04",0.4
"1669","C09","A04",0.32
"1670","C10","A04",0.39
"1671","E01","A04",0.08
"1672","E02","A04",0.07
"1673","E03","A04",0.29
"1674","E04","A04",0.03
"1675","E05","A04",0.04
"1676","E06","A04",-0.01
"1677","E07","A04",0.11
"1678","E08","A04",0.08
"1679","E09","A04",0.04
"1680","E10","A04",0.2
"1681","A01","A04",0.37
"1682","A02","A04",0.44
"1683","A03","A04",0.2
"1684","A04","A04",1
"1685","A05","A04",0.42
"1686","A06","A04",0.48
"1687","A07","A04",0.29
"1688","A08","A04",0.41
"1689","A09","A04",0.28
"1690","A10","A04",0.24
"1691","N01","A04",0.01
"1692","N02","A04",0.09
"1693","N03","A04",-0.08
"1694","N04","A04",0.02
"1695","N05","A04",0.16
"1696","N06","A04",0.03
"1697","N07","A04",0.16
"1698","N08","A04",-0.08
"1699","N09","A04",-0.06
"1700","N10","A04",0.04
"1701","O01","A05",0.08
"1702","O02","A05",0.05
"1703","O03","A05",0.18
"1704","O04","A05",0.09
"1705","O05","A05",0.15
"1706","O06","A05",0.05
"1707","O07","A05",0.15
"1708","O08","A05",-0.03
"1709","O09","A05",0.02
"1710","O10","A05",0.11
"1711","C01","A05",0.11
"1712","C02","A05",0.07
"1713","C03","A05",0.09
"1714","C04","A05",0.16
"1715","C05","A05",0.12
"1716","C06","A05",0.12
"1717","C07","A05",0.19
"1718","C08","A05",0.18
"1719","C09","A05",0.16
"1720","C10","A05",0.21
"1721","E01","A05",0.03
"1722","E02","A05",0.05
"1723","E03","A05",0.21
"1724","E04","A05",0.09
"1725","E05","A05",0.07
"1726","E06","A05",0.09
"1727","E07","A05",0.08
"1728","E08","A05",0.16
"1729","E09","A05",0.12
"1730","E10","A05",0.17
"1731","A01","A05",0.44
"1732","A02","A05",0.43
"1733","A03","A05",0.22
"1734","A04","A05",0.42
"1735","A05","A05",1
"1736","A06","A05",0.47
"1737","A07","A05",0.36
"1738","A08","A05",0.41
"1739","A09","A05",0.44
"1740","A10","A05",0.29
"1741","N01","A05",-0.01
"1742","N02","A05",-0.01
"1743","N03","A05",-0.07
"1744","N04","A05",-0.04
"1745","N05","A05",0.09
"1746","N06","A05",-0.03
"1747","N07","A05",0.11
"1748","N08","A05",-0.08
"1749","N09","A05",-0.02
"1750","N10","A05",0
"1751","O01","A06",0
"1752","O02","A06",-0.01
"1753","O03","A06",0.12
"1754","O04","A06",0.06
"1755","O05","A06",0.04
"1756","O06","A06",0.04
"1757","O07","A06",0.04
"1758","O08","A06",-0.02
"1759","O09","A06",-0.03
"1760","O10","A06",0.07
"1761","C01","A06",0.15
"1762","C02","A06",0.04
"1763","C03","A06",0.13
"1764","C04","A06",0.1
"1765","C05","A06",0.17
"1766","C06","A06",0.2
"1767","C07","A06",0.22
"1768","C08","A06",0.22
"1769","C09","A06",0.17
"1770","C10","A06",0.18
"1771","E01","A06",0.03
"1772","E02","A06",0
"1773","E03","A06",0.18
"1774","E04","A06",0.01
"1775","E05","A06",0.02
"1776","E06","A06",-0.01
"1777","E07","A06",0.04
"1778","E08","A06",0.04
"1779","E09","A06",0
"1780","E10","A06",0.08
"1781","A01","A06",0.34
"1782","A02","A06",0.55
"1783","A03","A06",0.21
"1784","A04","A06",0.48
"1785","A05","A06",0.47
"1786","A06","A06",1
"1787","A07","A06",0.35
"1788","A08","A06",0.33
"1789","A09","A06",0.34
"1790","A10","A06",0.22
"1791","N01","A06",-0.01
"1792","N02","A06",0.04
"1793","N03","A06",-0.1
"1794","N04","A06",-0.01
"1795","N05","A06",0.05
"1796","N06","A06",-0.01
"1797","N07","A06",0.07
"1798","N08","A06",-0.08
"1799","N09","A06",-0.03
"1800","N10","A06",-0.05
"1801","O01","A07",-0.05
"1802","O02","A07",-0.03
"1803","O03","A07",0.02
"1804","O04","A07",-0.06
"1805","O05","A07",0
"1806","O06","A07",0
"1807","O07","A07",-0.03
"1808","O08","A07",-0.1
"1809","O09","A07",-0.05
"1810","O10","A07",-0.05
"1811","C01","A07",-0.03
"1812","C02","A07",-0.03
"1813","C03","A07",-0.1
"1814","C04","A07",0.04
"1815","C05","A07",0.01
"1816","C06","A07",0.02
"1817","C07","A07",0.07
"1818","C08","A07",0.09
"1819","C09","A07",-0.03
"1820","C10","A07",0.05
"1821","E01","A07",0.03
"1822","E02","A07",0
"1823","E03","A07",0.1
"1824","E04","A07",0.05
"1825","E05","A07",-0.01
"1826","E06","A07",0.04
"1827","E07","A07",-0.02
"1828","E08","A07",0.06
"1829","E09","A07",0.03
"1830","E10","A07",0.06
"1831","A01","A07",0.36
"1832","A02","A07",0.34
"1833","A03","A07",0.26
"1834","A04","A07",0.29
"1835","A05","A07",0.36
"1836","A06","A07",0.35
"1837","A07","A07",1
"1838","A08","A07",0.25
"1839","A09","A07",0.45
"1840","A10","A07",0.33
"1841","N01","A07",0.05
"1842","N02","A07",-0.02
"1843","N03","A07",-0.04
"1844","N04","A07",-0.05
"1845","N05","A07",0.09
"1846","N06","A07",-0.05
"1847","N07","A07",0.11
"1848","N08","A07",-0.01
"1849","N09","A07",0.1
"1850","N10","A07",0
"1851","O01","A08",0.05
"1852","O02","A08",0.1
"1853","O03","A08",0.19
"1854","O04","A08",0.13
"1855","O05","A08",0.16
"1856","O06","A08",0.17
"1857","O07","A08",0.11
"1858","O08","A08",0.03
"1859","O09","A08",0.02
"1860","O10","A08",0.14
"1861","C01","A08",0.16
"1862","C02","A08",0.07
"1863","C03","A08",0.12
"1864","C04","A08",0.15
"1865","C05","A08",0.19
"1866","C06","A08",0.21
"1867","C07","A08",0.27
"1868","C08","A08",0.29
"1869","C09","A08",0.22
"1870","C10","A08",0.25
"1871","E01","A08",0.17
"1872","E02","A08",0.11
"1873","E03","A08",0.25
"1874","E04","A08",0.12
"1875","E05","A08",0.15
"1876","E06","A08",0.05
"1877","E07","A08",0.16
"1878","E08","A08",0.15
"1879","E09","A08",0.11
"1880","E10","A08",0.19
"1881","A01","A08",0.35
"1882","A02","A08",0.26
"1883","A03","A08",0.2
"1884","A04","A08",0.41
"1885","A05","A08",0.41
"1886","A06","A08",0.33
"1887","A07","A08",0.25
"1888","A08","A08",1
"1889","A09","A08",0.3
"1890","A10","A08",0.29
"1891","N01","A08",0.09
"1892","N02","A08",0.1
"1893","N03","A08",-0.03
"1894","N04","A08",0.07
"1895","N05","A08",0.13
"1896","N06","A08",0.04
"1897","N07","A08",0.15
"1898","N08","A08",-0.02
"1899","N09","A08",0.02
"1900","N10","A08",0.05
"1901","O01","A09",0.03
"1902","O02","A09",0.06
"1903","O03","A09",0.12
"1904","O04","A09",0.05
"1905","O05","A09",0.09
"1906","O06","A09",0.04
"1907","O07","A09",0.08
"1908","O08","A09",-0.02
"1909","O09","A09",0.01
"1910","O10","A09",0.04
"1911","C01","A09",-0.03
"1912","C02","A09",-0.02
"1913","C03","A09",-0.06
"1914","C04","A09",0.09
"1915","C05","A09",0.05
"1916","C06","A09",0.01
"1917","C07","A09",0.12
"1918","C08","A09",0.13
"1919","C09","A09",0
"1920","C10","A09",0.13
"1921","E01","A09",0.06
"1922","E02","A09",0.06
"1923","E03","A09",0.1
"1924","E04","A09",0.09
"1925","E05","A09",0.07
"1926","E06","A09",0.07
"1927","E07","A09",0.07
"1928","E08","A09",0.12
"1929","E09","A09",0.12
"1930","E10","A09",0.09
"1931","A01","A09",0.43
"1932","A02","A09",0.27
"1933","A03","A09",0.23
"1934","A04","A09",0.28
"1935","A05","A09",0.44
"1936","A06","A09",0.34
"1937","A07","A09",0.45
"1938","A08","A09",0.3
"1939","A09","A09",1
"1940","A10","A09",0.29
"1941","N01","A09",-0.01
"1942","N02","A09",-0.04
"1943","N03","A09",-0.07
"1944","N04","A09",-0.06
"1945","N05","A09",0.09
"1946","N06","A09",-0.05
"1947","N07","A09",0.07
"1948","N08","A09",-0.04
"1949","N09","A09",0.05
"1950","N10","A09",-0.02
"1951","O01","A10",0.02
"1952","O02","A10",0
"1953","O03","A10",0.08
"1954","O04","A10",-0.01
"1955","O05","A10",0.06
"1956","O06","A10",0.06
"1957","O07","A10",0.05
"1958","O08","A10",-0.02
"1959","O09","A10",0.05
"1960","O10","A10",0.02
"1961","C01","A10",0.06
"1962","C02","A10",0.02
"1963","C03","A10",-0.02
"1964","C04","A10",0.07
"1965","C05","A10",0.08
"1966","C06","A10",0.08
"1967","C07","A10",0.11
"1968","C08","A10",0.11
"1969","C09","A10",0.03
"1970","C10","A10",0.1
"1971","E01","A10",0.04
"1972","E02","A10",0.04
"1973","E03","A10",0.12
"1974","E04","A10",0.06
"1975","E05","A10",0.02
"1976","E06","A10",0.05
"1977","E07","A10",0.03
"1978","E08","A10",0.09
"1979","E09","A10",0.09
"1980","E10","A10",0.16
"1981","A01","A10",0.35
"1982","A02","A10",0.16
"1983","A03","A10",0.38
"1984","A04","A10",0.24
"1985","A05","A10",0.29
"1986","A06","A10",0.22
"1987","A07","A10",0.33
"1988","A08","A10",0.29
"1989","A09","A10",0.29
"1990","A10","A10",1
"1991","N01","A10",0.16
"1992","N02","A10",0.11
"1993","N03","A10",0.02
"1994","N04","A10",0.06
"1995","N05","A10",0.23
"1996","N06","A10",0.04
"1997","N07","A10",0.25
"1998","N08","A10",0.13
"1999","N09","A10",0.11
"2000","N10","A10",0.16
"2001","O01","N01",0.03
"2002","O02","N01",0.03
"2003","O03","N01",0
"2004","O04","N01",0.03
"2005","O05","N01",0.07
"2006","O06","N01",0.12
"2007","O07","N01",0.02
"2008","O08","N01",0.05
"2009","O09","N01",0.1
"2010","O10","N01",0.04
"2011","C01","N01",0.06
"2012","C02","N01",0.03
"2013","C03","N01",0.06
"2014","C04","N01",-0.02
"2015","C05","N01",0.11
"2016","C06","N01",0.07
"2017","C07","N01",0.06
"2018","C08","N01",0.06
"2019","C09","N01",0.06
"2020","C10","N01",-0.03
"2021","E01","N01",0.07
"2022","E02","N01",0.04
"2023","E03","N01",-0.03
"2024","E04","N01",-0.01
"2025","E05","N01",-0.03
"2026","E06","N01",-0.08
"2027","E07","N01",-0.01
"2028","E08","N01",0.01
"2029","E09","N01",0
"2030","E10","N01",0.03
"2031","A01","N01",0.13
"2032","A02","N01",-0.08
"2033","A03","N01",0.14
"2034","A04","N01",0.01
"2035","A05","N01",-0.01
"2036","A06","N01",-0.01
"2037","A07","N01",0.05
"2038","A08","N01",0.09
"2039","A09","N01",-0.01
"2040","A10","N01",0.16
"2041","N01","N01",1
"2042","N02","N01",0.33
"2043","N03","N01",0.24
"2044","N04","N01",0.24
"2045","N05","N01",0.31
"2046","N06","N01",0.2
"2047","N07","N01",0.36
"2048","N08","N01",0.69
"2049","N09","N01",0.2
"2050","N10","N01",0.31
"2051","O01","N02",0.01
"2052","O02","N02",0.05
"2053","O03","N02",0.06
"2054","O04","N02",0.09
"2055","O05","N02",0.08
"2056","O06","N02",0.17
"2057","O07","N02",0.04
"2058","O08","N02",0.07
"2059","O09","N02",0.09
"2060","O10","N02",0.1
"2061","C01","N02",0.16
"2062","C02","N02",0.08
"2063","C03","N02",0.12
"2064","C04","N02",0
"2065","C05","N02",0.2
"2066","C06","N02",0.18
"2067","C07","N02",0.14
"2068","C08","N02",0.13
"2069","C09","N02",0.19
"2070","C10","N02",0.06
"2071","E01","N02",0.09
"2072","E02","N02",0.06
"2073","E03","N02",0.05
"2074","E04","N02",0.02
"2075","E05","N02",0.06
"2076","E06","N02",-0.06
"2077","E07","N02",0.06
"2078","E08","N02",0.02
"2079","E09","N02",0.04
"2080","E10","N02",0.06
"2081","A01","N02",0.07
"2082","A02","N02",-0.02
"2083","A03","N02",0.12
"2084","A04","N02",0.09
"2085","A05","N02",-0.01
"2086","A06","N02",0.04
"2087","A07","N02",-0.02
"2088","A08","N02",0.1
"2089","A09","N02",-0.04
"2090","A10","N02",0.11
"2091","N01","N02",0.33
"2092","N02","N02",1
"2093","N03","N02",0.23
"2094","N04","N02",0.56
"2095","N05","N02",0.28
"2096","N06","N02",0.28
"2097","N07","N02",0.37
"2098","N08","N02",0.31
"2099","N09","N02",0.15
"2100","N10","N02",0.3
"2101","O01","N03",0.08
"2102","O02","N03",0.04
"2103","O03","N03",-0.01
"2104","O04","N03",-0.01
"2105","O05","N03",0.07
"2106","O06","N03",0.09
"2107","O07","N03",0.05
"2108","O08","N03",0.06
"2109","O09","N03",0.1
"2110","O10","N03",0.01
"2111","C01","N03",-0.03
"2112","C02","N03",0.04
"2113","C03","N03",-0.08
"2114","C04","N03",-0.05
"2115","C05","N03",-0.01
"2116","C06","N03",-0.03
"2117","C07","N03",-0.07
"2118","C08","N03",-0.07
"2119","C09","N03",-0.01
"2120","C10","N03",-0.08
"2121","E01","N03",0.03
"2122","E02","N03",0.08
"2123","E03","N03",-0.07
"2124","E04","N03",0.06
"2125","E05","N03",0.02
"2126","E06","N03",0.05
"2127","E07","N03",0.03
"2128","E08","N03",0.04
"2129","E09","N03",0.11
"2130","E10","N03",0.07
"2131","A01","N03",-0.04
"2132","A02","N03",-0.1
"2133","A03","N03",0.11
"2134","A04","N03",-0.08
"2135","A05","N03",-0.07
"2136","A06","N03",-0.1
"2137","A07","N03",-0.04
"2138","A08","N03",-0.03
"2139","A09","N03",-0.07
"2140","A10","N03",0.02
"2141","N01","N03",0.24
"2142","N02","N03",0.23
"2143","N03","N03",1
"2144","N04","N03",0.25
"2145","N05","N03",0.29
"2146","N06","N03",0.57
"2147","N07","N03",0.15
"2148","N08","N03",0.23
"2149","N09","N03",0.23
"2150","N10","N03",0.44
"2151","O01","N04",0.01
"2152","O02","N04",0.05
"2153","O03","N04",0.03
"2154","O04","N04",0.08
"2155","O05","N04",0.08
"2156","O06","N04",0.17
"2157","O07","N04",0.04
"2158","O08","N04",0.07
"2159","O09","N04",0.08
"2160","O10","N04",0.07
"2161","C01","N04",0.06
"2162","C02","N04",0.03
"2163","C03","N04",0.04
"2164","C04","N04",-0.06
"2165","C05","N04",0.12
"2166","C06","N04",0.1
"2167","C07","N04",0.07
"2168","C08","N04",0.07
"2169","C09","N04",0.13
"2170","C10","N04",0.01
"2171","E01","N04",0.12
"2172","E02","N04",0.14
"2173","E03","N04",0.06
"2174","E04","N04",0.08
"2175","E05","N04",0.12
"2176","E06","N04",0.01
"2177","E07","N04",0.15
"2178","E08","N04",0.06
"2179","E09","N04",0.09
"2180","E10","N04",0.04
"2181","A01","N04",-0.01
"2182","A02","N04",-0.06
"2183","A03","N04",0.09
"2184","A04","N04",0.02
"2185","A05","N04",-0.04
"2186","A06","N04",-0.01
"2187","A07","N04",-0.05
"2188","A08","N04",0.07
"2189","A09","N04",-0.06
"2190","A10","N04",0.06
"2191","N01","N04",0.24
"2192","N02","N04",0.56
"2193","N03","N04",0.25
"2194","N04","N04",1
"2195","N05","N04",0.21
"2196","N06","N04",0.31
"2197","N07","N04",0.21
"2198","N08","N04",0.23
"2199","N09","N04",0.2
"2200","N10","N04",0.31
"2201","O01","N05",0.22
"2202","O02","N05",0.14
"2203","O03","N05",0.17
"2204","O04","N05",0.17
"2205","O05","N05",0.2
"2206","O06","N05",0.23
"2207","O07","N05",0.18
"2208","O08","N05",0.15
"2209","O09","N05",0.24
"2210","O10","N05",0.15
"2211","C01","N05",0.15
"2212","C02","N05",0.15
"2213","C03","N05",0.11
"2214","C04","N05",0.11
"2215","C05","N05",0.09
"2216","C06","N05",0.14
"2217","C07","N05",0.1
"2218","C08","N05",0.1
"2219","C09","N05",0.09
"2220","C10","N05",0.16
"2221","E01","N05",-0.01
"2222","E02","N05",0.09
"2223","E03","N05",-0.04
"2224","E04","N05",-0.01
"2225","E05","N05",-0.02
"2226","E06","N05",-0.03
"2227","E07","N05",0.05
"2228","E08","N05",0.06
"2229","E09","N05",0.06
"2230","E10","N05",0.21
"2231","A01","N05",0.2
"2232","A02","N05",-0.01
"2233","A03","N05",0.19
"2234","A04","N05",0.16
"2235","A05","N05",0.09
"2236","A06","N05",0.05
"2237","A07","N05",0.09
"2238","A08","N05",0.13
"2239","A09","N05",0.09
"2240","A10","N05",0.23
"2241","N01","N05",0.31
"2242","N02","N05",0.28
"2243","N03","N05",0.29
"2244","N04","N05",0.21
"2245","N05","N05",1
"2246","N06","N05",0.31
"2247","N07","N05",0.4
"2248","N08","N05",0.27
"2249","N09","N05",0.13
"2250","N10","N05",0.61
"2251","O01","N06",0.1
"2252","O02","N06",0.09
"2253","O03","N06",0.05
"2254","O04","N06",0.1
"2255","O05","N06",0.11
"2256","O06","N06",0.17
"2257","O07","N06",0.09
"2258","O08","N06",0.1
"2259","O09","N06",0.13
"2260","O10","N06",0.09
"2261","C01","N06",0.05
"2262","C02","N06",0.06
"2263","C03","N06",0.03
"2264","C04","N06",-0.03
"2265","C05","N06",0.08
"2266","C06","N06",0.05
"2267","C07","N06",0.01
"2268","C08","N06",0.01
"2269","C09","N06",0.07
"2270","C10","N06",0.04
"2271","E01","N06",0.06
"2272","E02","N06",0.09
"2273","E03","N06",0.03
"2274","E04","N06",0.06
"2275","E05","N06",0.08
"2276","E06","N06",0.01
"2277","E07","N06",0.13
"2278","E08","N06",0.06
"2279","E09","N06",0.1
"2280","E10","N06",0.11
"2281","A01","N06",0
"2282","A02","N06",-0.04
"2283","A03","N06",0.1
"2284","A04","N06",0.03
"2285","A05","N06",-0.03
"2286","A06","N06",-0.01
"2287","A07","N06",-0.05
"2288","A08","N06",0.04
"2289","A09","N06",-0.05
"2290","A10","N06",0.04
"2291","N01","N06",0.2
"2292","N02","N06",0.28
"2293","N03","N06",0.57
"2294","N04","N06",0.31
"2295","N05","N06",0.31
"2296","N06","N06",1
"2297","N07","N06",0.15
"2298","N08","N06",0.16
"2299","N09","N06",0.14
"2300","N10","N06",0.45
"2301","O01","N07",0.08
"2302","O02","N07",0.04
"2303","O03","N07",0.13
"2304","O04","N07",0.07
"2305","O05","N07",0.09
"2306","O06","N07",0.13
"2307","O07","N07",0.09
"2308","O08","N07",0.02
"2309","O09","N07",0.12
"2310","O10","N07",0.09
"2311","C01","N07",0.19
"2312","C02","N07",0.16
"2313","C03","N07",0.12
"2314","C04","N07",0.1
"2315","C05","N07",0.17
"2316","C06","N07",0.17
"2317","C07","N07",0.11
"2318","C08","N07",0.13
"2319","C09","N07",0.12
"2320","C10","N07",0.11
"2321","E01","N07",0
"2322","E02","N07",0.04
"2323","E03","N07",0.02
"2324","E04","N07",-0.01
"2325","E05","N07",-0.02
"2326","E06","N07",-0.07
"2327","E07","N07",0.01
"2328","E08","N07",0.05
"2329","E09","N07",0.02
"2330","E10","N07",0.12
"2331","A01","N07",0.21
"2332","A02","N07",0
"2333","A03","N07",0.23
"2334","A04","N07",0.16
"2335","A05","N07",0.11
"2336","A06","N07",0.07
"2337","A07","N07",0.11
"2338","A08","N07",0.15
"2339","A09","N07",0.07
"2340","A10","N07",0.25
"2341","N01","N07",0.36
"2342","N02","N07",0.37
"2343","N03","N07",0.15
"2344","N04","N07",0.21
"2345","N05","N07",0.4
"2346","N06","N07",0.15
"2347","N07","N07",1
"2348","N08","N07",0.31
"2349","N09","N07",0.11
"2350","N10","N07",0.3
"2351","O01","N08",0
"2352","O02","N08",0
"2353","O03","N08",-0.08
"2354","O04","N08",-0.01
"2355","O05","N08",0.02
"2356","O06","N08",0.06
"2357","O07","N08",0
"2358","O08","N08",0.04
"2359","O09","N08",0.09
"2360","O10","N08",0
"2361","C01","N08",-0.01
"2362","C02","N08",-0.03
"2363","C03","N08",-0.01
"2364","C04","N08",-0.08
"2365","C05","N08",0.03
"2366","C06","N08",0.01
"2367","C07","N08",-0.06
"2368","C08","N08",-0.07
"2369","C09","N08",-0.04
"2370","C10","N08",-0.13
"2371","E01","N08",0.01
"2372","E02","N08",-0.01
"2373","E03","N08",-0.14
"2374","E04","N08",-0.06
"2375","E05","N08",-0.06
"2376","E06","N08",-0.12
"2377","E07","N08",-0.06
"2378","E08","N08",-0.04
"2379","E09","N08",-0.02
"2380","E10","N08",-0.03
"2381","A01","N08",0.06
"2382","A02","N08",-0.12
"2383","A03","N08",0.11
"2384","A04","N08",-0.08
"2385","A05","N08",-0.08
"2386","A06","N08",-0.08
"2387","A07","N08",-0.01
"2388","A08","N08",-0.02
"2389","A09","N08",-0.04
"2390","A10","N08",0.13
"2391","N01","N08",0.69
"2392","N02","N08",0.31
"2393","N03","N08",0.23
"2394","N04","N08",0.23
"2395","N05","N08",0.27
"2396","N06","N08",0.16
"2397","N07","N08",0.31
"2398","N08","N08",1
"2399","N09","N08",0.18
"2400","N10","N08",0.3
"2401","O01","N09",-0.06
"2402","O02","N09",-0.09
"2403","O03","N09",-0.1
"2404","O04","N09",-0.13
"2405","O05","N09",-0.02
"2406","O06","N09",-0.01
"2407","O07","N09",-0.05
"2408","O08","N09",-0.07
"2409","O09","N09",-0.02
"2410","O10","N09",-0.09
"2411","C01","N09",-0.13
"2412","C02","N09",-0.06
"2413","C03","N09",-0.21
"2414","C04","N09",-0.1
"2415","C05","N09",-0.05
"2416","C06","N09",-0.12
"2417","C07","N09",-0.09
"2418","C08","N09",-0.09
"2419","C09","N09",-0.08
"2420","C10","N09",-0.19
"2421","E01","N09",0.1
"2422","E02","N09",0.1
"2423","E03","N09",0.04
"2424","E04","N09",0.18
"2425","E05","N09",0.08
"2426","E06","N09",0.13
"2427","E07","N09",0.05
"2428","E08","N09",0.11
"2429","E09","N09",0.17
"2430","E10","N09",0.06
"2431","A01","N09",0.01
"2432","A02","N09",-0.06
"2433","A03","N09",0.14
"2434","A04","N09",-0.06
"2435","A05","N09",-0.02
"2436","A06","N09",-0.03
"2437","A07","N09",0.1
"2438","A08","N09",0.02
"2439","A09","N09",0.05
"2440","A10","N09",0.11
"2441","N01","N09",0.2
"2442","N02","N09",0.15
"2443","N03","N09",0.23
"2444","N04","N09",0.2
"2445","N05","N09",0.13
"2446","N06","N09",0.14
"2447","N07","N09",0.11
"2448","N08","N09",0.18
"2449","N09","N09",1
"2450","N10","N09",0.19
"2451","O01","N10",0.19
"2452","O02","N10",0.13
"2453","O03","N10",0.11
"2454","O04","N10",0.15
"2455","O05","N10",0.19
"2456","O06","N10",0.25
"2457","O07","N10",0.17
"2458","O08","N10",0.13
"2459","O09","N10",0.23
"2460","O10","N10",0.13
"2461","C01","N10",0.11
"2462","C02","N10",0.1
"2463","C03","N10",0.08
"2464","C04","N10",0.05
"2465","C05","N10",0.08
"2466","C06","N10",0.08
"2467","C07","N10",0.03
"2468","C08","N10",0.04
"2469","C09","N10",0.08
"2470","C10","N10",0.05
"2471","E01","N10",0.03
"2472","E02","N10",0.11
"2473","E03","N10",-0.06
"2474","E04","N10",0.02
"2475","E05","N10",0.02
"2476","E06","N10",-0.01
"2477","E07","N10",0.07
"2478","E08","N10",0.05
"2479","E09","N10",0.09
"2480","E10","N10",0.16
"2481","A01","N10",0.08
"2482","A02","N10",-0.08
"2483","A03","N10",0.15
"2484","A04","N10",0.04
"2485","A05","N10",0
"2486","A06","N10",-0.05
"2487","A07","N10",0
"2488","A08","N10",0.05
"2489","A09","N10",-0.02
"2490","A10","N10",0.16
"2491","N01","N10",0.31
"2492","N02","N10",0.3
"2493","N03","N10",0.44
"2494","N04","N10",0.31
"2495","N05","N10",0.61
"2496","N06","N10",0.45
"2497","N07","N10",0.3
"2498","N08","N10",0.3
"2499","N09","N10",0.19
"2500","N10","N10",1
